id,first_name,last_name,email,gender,ip_address
1,Maia,Dark,mdark0@sciencedirect.com,Female,92.38.199.93
2,Sallie,Kadwallider,skadwallider1@goodreads.com,Female,131.110.190.221
3,Temple,Colnet,tcolnet2@vistaprint.com,Male,175.177.21.121
4,Rachael,Autie,rautie3@state.gov,Female,221.60.164.202
5,Guinevere,Lonergan,glonergan4@gnu.org,Female,152.82.5.142
6,Clemence,Le Provost,cleprovost5@ocn.ne.jp,Female,79.57.185.74
7,Juanita,Tolland,jtolland6@vkontakte.ru,Female,88.21.109.40
8,Pasquale,Kirkpatrick,pkirkpatrick7@cargocollective.com,Male,19.27.182.228
9,Bryon,Baffin,bbaffin8@wp.com,Male,255.92.96.152
10,Delmar,Jahner,djahner9@gov.uk,Male,22.151.202.86
11,Dania,Vina,dvinaa@free.fr,Non-binary,152.114.132.73
12,Jenni,Betje,jbetjeb@squidoo.com,Female,179.122.91.115
13,Myrvyn,Cornilleau,mcornilleauc@cnn.com,Male,142.122.129.209
14,Adan,Laborda,alabordad@lulu.com,Male,36.198.26.108
15,Vinny,Sircomb,vsircombe@yolasite.com,Female,205.1.21.180
16,Anderson,Cotilard,acotilardf@seattletimes.com,Male,164.232.117.45
17,Madelon,Parrett,mparrettg@bloglines.com,Female,123.126.195.176
18,Christine,Akester,cakesterh@sciencedirect.com,Female,131.196.184.83
19,Merlina,Newland,mnewlandi@de.vu,Female,170.180.139.59
20,Etan,Bullion,ebullionj@plala.or.jp,Male,38.208.53.153
21,Ruby,Gumery,rgumeryk@wikipedia.org,Female,106.114.206.135
22,Lu,Cossons,lcossonsl@ovh.net,Female,214.96.9.116
23,Heather,Frow,hfrowm@imageshack.us,Female,92.32.39.235
24,Zorina,Skase,zskasen@1und1.de,Female,232.217.245.100
25,Cordell,MacAllester,cmacallestero@over-blog.com,Male,252.228.96.198
26,Kaine,McFaell,kmcfaellp@blinklist.com,Male,89.238.192.86
27,Jameson,Obey,jobeyq@canalblog.com,Male,145.21.240.194
28,Lenka,Pallas,lpallasr@dmoz.org,Female,77.77.117.207
29,Leonardo,Dykas,ldykass@blog.com,Male,33.22.89.206
30,Bert,Baccus,bbaccust@tumblr.com,Female,9.49.118.211
31,Efrem,Mesnard,emesnardu@mozilla.org,Male,95.201.89.128
32,Dore,Ritmeier,dritmeierv@telegraph.co.uk,Female,154.110.170.28
33,Adolphus,Malbon,amalbonw@canalblog.com,Male,95.5.233.238
34,Briant,Prue,bpruex@jugem.jp,Male,210.116.85.109
35,Lucian,Hyrons,lhyronsy@mapquest.com,Male,162.19.254.239
36,Moishe,Andriulis,mandriulisz@sciencedirect.com,Male,178.66.74.245
37,Barrie,Covell,bcovell10@gmpg.org,Male,61.44.11.7
38,Muhammad,Tuke,mtuke11@alibaba.com,Genderqueer,116.113.112.24
39,Ardeen,Counsell,acounsell12@gov.uk,Female,65.214.239.139
40,Allyn,Caps,acaps13@yahoo.co.jp,Female,85.252.251.142
41,Hervey,Toffetto,htoffetto14@acquirethisname.com,Bigender,128.241.216.71
42,Agnella,Leetham,aleetham15@youtube.com,Female,76.137.30.200
43,Griz,Rixon,grixon16@opera.com,Male,141.65.130.187
44,Helaina,Flipsen,hflipsen17@cisco.com,Female,60.148.215.114
45,Pierce,Ketton,pketton18@nytimes.com,Male,46.26.68.73
46,Chas,Yendall,cyendall19@godaddy.com,Male,88.124.225.181
47,Jesus,Minghi,jminghi1a@godaddy.com,Male,206.85.193.245
48,Sherye,Linforth,slinforth1b@hubpages.com,Female,50.88.212.72
49,Donny,Bruton,dbruton1c@1und1.de,Agender,137.3.160.10
50,Gawen,Merwede,gmerwede1d@elpais.com,Male,45.12.232.100
51,Lynde,Gowlett,lgowlett1e@drupal.org,Female,209.102.106.15
52,Archaimbaud,Coolican,acoolican1f@skype.com,Male,199.147.66.249
53,Ana,Wightman,awightman1g@yellowbook.com,Female,60.43.18.168
54,Sal,Massimi,smassimi1h@si.edu,Female,149.148.7.252
55,Hally,Airton,hairton1i@reddit.com,Female,223.25.59.255
56,Dilly,Gillaspy,dgillaspy1j@hostgator.com,Male,52.94.119.81
57,Bran,Lanchbery,blanchbery1k@netlog.com,Male,96.24.232.147
58,Virginie,Yeudall,vyeudall1l@yellowpages.com,Female,107.9.130.34
59,Aksel,Greydon,agreydon1m@twitter.com,Bigender,153.230.62.238
60,Ilene,Lambkin,ilambkin1n@typepad.com,Female,242.230.20.190
61,Siegfried,Benditt,sbenditt1o@webs.com,Male,7.178.152.7
62,Stepha,Bryson,sbryson1p@cisco.com,Female,49.219.195.195
63,Pasquale,Cornbill,pcornbill1q@de.vu,Male,55.38.48.223
64,Axel,Topping,atopping1r@xrea.com,Male,232.108.221.134
65,Alvie,Piatkow,apiatkow1s@naver.com,Male,123.146.221.235
66,Trina,Baudou,tbaudou1t@elpais.com,Non-binary,16.182.110.206
67,Lexis,Arbuckel,larbuckel1u@lulu.com,Female,49.162.178.108
68,Dona,Stabler,dstabler1v@sourceforge.net,Female,28.3.129.62
69,Suki,Vase,svase1w@netvibes.com,Female,13.116.216.171
70,Brandice,Woodroof,bwoodroof1x@so-net.ne.jp,Genderqueer,76.87.19.237
71,Myrtle,Nelthropp,mnelthropp1y@list-manage.com,Female,20.211.237.114
72,Jason,Gladman,jgladman1z@cyberchimps.com,Male,44.255.15.46
73,Bertha,Fletham,bfletham20@japanpost.jp,Female,169.97.19.184
74,Anetta,Oleszcuk,aoleszcuk21@dmoz.org,Female,89.4.217.249
75,Tessi,Windebank,twindebank22@exblog.jp,Female,1.218.234.142
76,Kurt,Commander,kcommander23@sphinn.com,Male,15.3.201.229
77,Isaac,Dunleavy,idunleavy24@xinhuanet.com,Male,140.119.66.62
78,Ray,Patrickson,rpatrickson25@scribd.com,Agender,179.53.92.52
79,Jen,McKinie,jmckinie26@exblog.jp,Female,96.113.222.104
80,Jarrod,Ruffles,jruffles27@shinystat.com,Male,94.216.100.255
81,Bale,Biggadyke,bbiggadyke28@goo.ne.jp,Male,60.149.151.110
82,Daffi,Di Giorgio,ddigiorgio29@dion.ne.jp,Female,63.253.169.248
83,Olin,Keatch,okeatch2a@liveinternet.ru,Male,208.19.119.22
84,Charil,Rubrow,crubrow2b@bizjournals.com,Genderfluid,11.48.167.81
85,Dex,Boch,dboch2c@blogtalkradio.com,Male,146.171.27.249
86,Caz,Barnewell,cbarnewell2d@amazon.com,Male,44.99.8.163
87,Luis,Cammoile,lcammoile2e@theatlantic.com,Male,122.99.171.55
88,Rora,Di Roberto,rdiroberto2f@dropbox.com,Bigender,170.94.82.143
89,Ingram,Macartney,imacartney2g@usnews.com,Male,252.69.49.239
90,Ophelie,Kuhn,okuhn2h@wordpress.org,Genderqueer,219.233.245.143
91,Veda,Ringham,vringham2i@dagondesign.com,Female,73.152.110.11
92,Lindsay,Pieroni,lpieroni2j@homestead.com,Male,253.44.180.144
93,Paulo,Beverstock,pbeverstock2k@springer.com,Male,208.31.168.224
94,Thedrick,Le Estut,tleestut2l@yahoo.co.jp,Genderfluid,151.162.66.238
95,Madelene,Heinonen,mheinonen2m@vinaora.com,Female,7.54.117.34
96,Grove,Loyns,gloyns2n@indiegogo.com,Agender,78.206.67.82
97,Jacqui,Hallett,jhallett2o@ox.ac.uk,Female,123.119.116.222
98,Wallie,Keeffe,wkeeffe2p@elpais.com,Genderqueer,109.253.223.180
99,Lucien,Verbeek,lverbeek2q@jigsy.com,Male,170.169.251.191
100,Maris,Krystek,mkrystek2r@wsj.com,Female,131.72.90.76
101,Ofella,Meeke,omeeke2s@bloomberg.com,Female,195.49.41.39
102,Vernice,Sinnett,vsinnett2t@people.com.cn,Female,106.60.8.200
103,Will,Laskey,wlaskey2u@uol.com.br,Male,81.238.53.61
104,Gilles,Jessep,gjessep2v@amazonaws.com,Agender,87.146.14.139
105,Bibbye,Larrosa,blarrosa2w@amazon.com,Female,189.222.101.34
106,Ranna,Yallop,ryallop2x@devhub.com,Female,125.32.50.116
107,Helge,De Santos,hdesantos2y@house.gov,Female,37.230.39.215
108,Stella,Arnall,sarnall2z@ucsd.edu,Female,196.238.125.243
109,Leta,Spier,lspier30@indiegogo.com,Female,26.2.156.164
110,Maribel,Brewse,mbrewse31@purevolume.com,Female,29.40.165.88
111,Lesli,Phelp,lphelp32@jimdo.com,Female,9.86.240.94
112,Stella,Shrubsall,sshrubsall33@usda.gov,Female,69.105.224.207
113,Patsy,Riseley,priseley34@blogspot.com,Male,144.247.8.16
114,Arnuad,Gallimore,agallimore35@jigsy.com,Male,92.187.148.96
115,Cort,Sedgman,csedgman36@ted.com,Male,136.136.242.239
116,Maxim,Giraudat,mgiraudat37@yahoo.com,Male,195.106.219.195
117,Chicky,Ensten,censten38@t-online.de,Female,92.116.146.188
118,Auria,Stucksbury,astucksbury39@cmu.edu,Female,63.83.52.10
119,Kelsi,Blas,kblas3a@ebay.co.uk,Female,245.204.17.167
120,Priscella,Escalera,pescalera3b@nps.gov,Female,236.67.50.21
121,Debby,Yakovitch,dyakovitch3c@rambler.ru,Female,49.153.66.126
122,Di,Paull,dpaull3d@google.cn,Female,235.187.110.106
123,Nicolle,Marchello,nmarchello3e@xing.com,Female,227.222.90.240
124,Maxie,Thompkins,mthompkins3f@admin.ch,Male,45.245.11.170
125,Lowell,Mewton,lmewton3g@feedburner.com,Male,7.218.206.39
126,Gwenette,De Moreno,gdemoreno3h@businesswire.com,Female,202.213.206.66
127,Maribelle,Tagg,mtagg3i@epa.gov,Female,219.9.157.204
128,Hernando,Hurche,hhurche3j@geocities.jp,Male,51.49.9.199
129,Roselia,Dykas,rdykas3k@amazon.de,Female,255.106.251.233
130,Tanny,Flatt,tflatt3l@psu.edu,Polygender,10.33.229.237
131,Armando,Spowage,aspowage3m@sogou.com,Male,29.154.83.239
132,Ingaberg,Caukill,icaukill3n@drupal.org,Female,253.112.50.69
133,Nancee,Simchenko,nsimchenko3o@skyrock.com,Female,153.115.210.205
134,Lonnie,Patrone,lpatrone3p@topsy.com,Male,101.56.176.34
135,Talya,Barfford,tbarfford3q@behance.net,Female,202.176.169.135
136,Auria,Wayt,awayt3r@friendfeed.com,Female,169.222.121.224
137,Rebecka,Bostick,rbostick3s@imgur.com,Bigender,4.146.212.106
138,Elisha,Prandoni,eprandoni3t@unesco.org,Agender,30.244.8.95
139,Rafe,Tocknell,rtocknell3u@bravesites.com,Male,195.63.12.93
140,Jens,Woolfenden,jwoolfenden3v@acquirethisname.com,Male,223.49.116.30
141,Dominga,Lindberg,dlindberg3w@elegantthemes.com,Agender,158.180.221.87
142,Korella,Bontoft,kbontoft3x@vinaora.com,Female,162.242.143.150
143,Rickey,Simonetto,rsimonetto3y@uiuc.edu,Male,253.10.181.219
144,Fannie,Suddick,fsuddick3z@patch.com,Female,213.2.219.111
145,Elane,Tenby,etenby40@dedecms.com,Female,166.93.223.244
146,Franklin,Fellona,ffellona41@diigo.com,Male,198.212.78.74
147,Sydel,Harrald,sharrald42@prnewswire.com,Female,42.183.168.226
148,Caron,Cardon,ccardon43@tripadvisor.com,Female,199.17.26.148
149,Breena,Petrasso,bpetrasso44@fotki.com,Female,147.46.151.110
150,Katharina,Ellick,kellick45@addthis.com,Female,65.188.210.37
151,Tobey,McTrustrie,tmctrustrie46@seattletimes.com,Female,250.5.206.59
152,Maurie,MacTrustey,mmactrustey47@123-reg.co.uk,Male,81.218.146.150
153,Arielle,Ells,aells48@gov.uk,Female,239.184.108.113
154,Lorene,Cranmer,lcranmer49@hao123.com,Female,225.88.17.219
155,Cristy,Roncelli,croncelli4a@amazonaws.com,Female,161.14.237.33
156,Even,Hentzer,ehentzer4b@state.gov,Male,86.247.238.45
157,Joey,Bottrell,jbottrell4c@multiply.com,Female,38.11.61.235
158,Blane,Howett,bhowett4d@unicef.org,Male,98.55.97.218
159,Odessa,Cattermole,ocattermole4e@springer.com,Female,134.142.60.81
160,Amos,Nettleship,anettleship4f@mayoclinic.com,Male,240.62.255.26
161,Ernesta,Yabsley,eyabsley4g@businessweek.com,Female,201.38.87.146
162,Claudetta,Cartwight,ccartwight4h@tinyurl.com,Female,224.91.191.169
163,Kippie,O'Suaird,kosuaird4i@cnet.com,Female,69.169.205.96
164,Lorenza,Quainton,lquainton4j@51.la,Female,150.115.21.17
165,Esmaria,Lyster,elyster4k@studiopress.com,Female,46.141.11.8
166,Darrick,Zavattiero,dzavattiero4l@hhs.gov,Male,91.2.249.173
167,Uriel,Gravatt,ugravatt4m@tumblr.com,Male,36.222.153.13
168,Francene,Rookesby,frookesby4n@google.ca,Female,74.139.33.235
169,Atalanta,Esom,aesom4o@cnn.com,Female,76.84.136.190
170,Elston,Hitchens,ehitchens4p@bandcamp.com,Male,110.70.55.43
171,Hilarius,Witcombe,hwitcombe4q@shop-pro.jp,Male,132.159.129.49
172,Andriana,Eakens,aeakens4r@globo.com,Female,113.93.197.114
173,Roxanne,Maleham,rmaleham4s@google.cn,Female,219.28.131.6
174,Deidre,Climar,dclimar4t@answers.com,Female,122.43.101.75
175,Flory,Dalgarno,fdalgarno4u@studiopress.com,Male,1.94.54.180
176,Rhett,Goutcher,rgoutcher4v@nsw.gov.au,Male,252.4.194.255
177,Goran,O'Mohun,gomohun4w@nasa.gov,Male,247.33.243.66
178,Constancy,Suarez,csuarez4x@census.gov,Female,98.22.168.164
179,Jocelyne,Tye,jtye4y@who.int,Female,130.48.48.89
180,Deck,Geharke,dgeharke4z@usa.gov,Male,214.206.167.219
181,Brigham,Woodlands,bwoodlands50@cnet.com,Male,209.26.141.69
182,Dannye,Boddam,dboddam51@noaa.gov,Female,8.69.128.180
183,Isak,Blofeld,iblofeld52@gravatar.com,Male,93.25.113.80
184,Kit,Hillburn,khillburn53@linkedin.com,Male,162.242.55.170
185,Ive,Vasyutochkin,ivasyutochkin54@dmoz.org,Male,155.102.72.151
186,Elga,Westgate,ewestgate55@posterous.com,Female,41.60.13.11
187,Denys,Snedden,dsnedden56@google.de,Male,81.165.155.144
188,Jami,Defty,jdefty57@nydailynews.com,Female,76.210.102.235
189,Ingrid,Brachell,ibrachell58@biblegateway.com,Female,54.160.169.189
190,Arleta,Myrie,amyrie59@gnu.org,Female,88.62.91.205
191,Clarette,Felce,cfelce5a@oracle.com,Female,34.59.14.200
192,Bondie,Ceschelli,bceschelli5b@reddit.com,Male,1.138.148.254
193,Arther,McClunaghan,amcclunaghan5c@blogs.com,Male,88.127.29.70
194,Barri,Cull,bcull5d@issuu.com,Male,212.198.142.43
195,Siward,Lackeye,slackeye5e@vkontakte.ru,Male,244.54.104.226
196,Wilmer,Wein,wwein5f@simplemachines.org,Male,142.121.235.218
197,Nissy,Creighton,ncreighton5g@comcast.net,Female,197.179.77.29
198,Lorianne,MacLaren,lmaclaren5h@123-reg.co.uk,Female,90.250.175.86
199,Forester,Uttridge,futtridge5i@exblog.jp,Male,245.195.133.20
200,Kyla,Bedo,kbedo5j@printfriendly.com,Female,112.94.147.12
201,Freddi,Overy,fovery5k@sfgate.com,Female,107.143.11.127
202,Ric,Ginie,rginie5l@squidoo.com,Male,251.43.237.66
203,Catlee,Sibbert,csibbert5m@utexas.edu,Female,153.137.251.250
204,Eulalie,Glenny,eglenny5n@blogtalkradio.com,Female,163.165.184.199
205,Ira,Handford,ihandford5o@time.com,Male,255.153.221.44
206,Sissie,Drinan,sdrinan5p@google.com.br,Female,143.233.232.77
207,Conn,Hucker,chucker5q@dyndns.org,Non-binary,34.196.157.223
208,Ainsley,Aldersea,aaldersea5r@examiner.com,Polygender,51.24.150.223
209,Antone,Dorricott,adorricott5s@loc.gov,Male,71.28.13.106
210,Neysa,Konrad,nkonrad5t@netscape.com,Female,217.248.177.20
211,Robina,Arndtsen,rarndtsen5u@ebay.com,Female,159.56.113.170
212,Pooh,Bedminster,pbedminster5v@scientificamerican.com,Male,101.73.38.171
213,Aggy,Barkworth,abarkworth5w@woothemes.com,Female,204.217.109.14
214,Thain,McCowan,tmccowan5x@ycombinator.com,Male,24.8.207.172
215,Jamie,Leebetter,jleebetter5y@who.int,Male,8.173.134.43
216,Benedicto,Winpenny,bwinpenny5z@comsenz.com,Male,251.231.182.201
217,Uriah,Ellick,uellick60@4shared.com,Male,62.92.13.130
218,Kingston,Gantzman,kgantzman61@livejournal.com,Male,77.54.217.188
219,Ruby,Sopper,rsopper62@blog.com,Female,94.159.85.130
220,Nert,Hateley,nhateley63@intel.com,Female,181.128.141.144
221,Daniella,Mallatratt,dmallatratt64@time.com,Female,154.192.237.113
222,Shermy,Redsall,sredsall65@drupal.org,Male,8.94.114.143
223,Arlette,Stopford,astopford66@stanford.edu,Bigender,39.28.2.190
224,Imogen,Leeming,ileeming67@mapy.cz,Female,217.197.12.217
225,Grantley,Banks,gbanks68@wikipedia.org,Genderqueer,60.176.36.192
226,Julieta,Kernell,jkernell69@who.int,Bigender,194.123.204.46
227,Nico,Vuitte,nvuitte6a@phoca.cz,Male,10.210.56.98
228,Felicio,Kearton,fkearton6b@sina.com.cn,Male,234.29.147.16
229,Codi,Whittaker,cwhittaker6c@goo.gl,Non-binary,42.40.100.245
230,Terrill,Hatwells,thatwells6d@europa.eu,Male,210.157.7.19
231,Carl,Atter,catter6e@marriott.com,Male,148.180.112.35
232,Feliza,Morde,fmorde6f@discuz.net,Female,82.125.181.82
233,Corney,Straffon,cstraffon6g@webnode.com,Male,59.151.96.82
234,Sheela,Golt,sgolt6h@reuters.com,Female,166.189.11.206
235,Vale,Roels,vroels6i@usa.gov,Female,37.39.238.222
236,Odey,Aikman,oaikman6j@wordpress.com,Male,242.77.106.92
237,Kingsley,Batrick,kbatrick6k@angelfire.com,Male,75.39.249.217
238,Dorrie,Gormley,dgormley6l@netvibes.com,Female,189.58.0.122
239,Arley,Maharey,amaharey6m@dailymotion.com,Male,89.82.206.169
240,Palmer,Caffin,pcaffin6n@about.com,Male,151.40.191.116
241,Andonis,Skeats,askeats6o@ehow.com,Male,158.88.26.70
242,Pattie,Clapshaw,pclapshaw6p@vistaprint.com,Male,41.96.76.172
243,Lyon,Maliphant,lmaliphant6q@reuters.com,Genderfluid,15.242.45.81
244,Krystyna,Studders,kstudders6r@live.com,Female,2.190.180.37
245,Toinette,Mostin,tmostin6s@github.io,Female,205.107.136.198
246,Linzy,Mantha,lmantha6t@nhs.uk,Female,209.67.27.91
247,Judy,Voak,jvoak6u@bravesites.com,Female,139.25.85.154
248,Adoree,Dils,adils6v@adobe.com,Female,144.29.43.111
249,Auberta,Jeffs,ajeffs6w@samsung.com,Female,23.245.92.160
250,Michele,McCawley,mmccawley6x@apache.org,Male,103.139.142.73
251,Wilbert,Cheine,wcheine6y@naver.com,Male,71.255.1.242
252,Fred,Harbord,fharbord6z@latimes.com,Female,11.194.158.173
253,Atalanta,Dally,adally70@tripadvisor.com,Female,24.162.150.28
254,Laryssa,Graver,lgraver71@hubpages.com,Female,199.25.189.43
255,Cassandre,Monahan,cmonahan72@skyrock.com,Genderqueer,244.232.199.3
256,Legra,Carcas,lcarcas73@ask.com,Genderfluid,210.171.166.242
257,Terrill,Hasker,thasker74@umn.edu,Male,230.86.158.155
258,Heidie,Blakeston,hblakeston75@123-reg.co.uk,Female,222.253.193.175
259,Anton,Kneebone,akneebone76@mediafire.com,Male,167.24.33.8
260,Marge,Minelli,mminelli77@ocn.ne.jp,Bigender,125.225.161.5
261,Merle,Bader,mbader78@smugmug.com,Male,139.128.129.113
262,Rorke,Elliston,relliston79@pen.io,Male,15.61.250.95
263,Mirabel,Brent,mbrent7a@vistaprint.com,Female,72.165.48.64
264,Sheila-kathryn,Petrak,spetrak7b@cloudflare.com,Female,216.172.248.182
265,Herold,Cardon,hcardon7c@hubpages.com,Male,81.78.157.78
266,Inesita,Avesque,iavesque7d@behance.net,Female,150.47.208.242
267,Jilli,Gulston,jgulston7e@icio.us,Non-binary,214.78.32.79
268,Graeme,Mitkov,gmitkov7f@theguardian.com,Male,122.144.87.213
269,Twyla,Marty,tmarty7g@yahoo.co.jp,Female,83.174.27.77
270,Erena,Schwieso,eschwieso7h@yellowpages.com,Female,219.184.85.153
271,Ollie,Heinzler,oheinzler7i@mail.ru,Male,14.210.98.90
272,Cammy,Larderot,clarderot7j@dropbox.com,Female,139.92.134.70
273,Meyer,Gouldie,mgouldie7k@boston.com,Male,28.34.145.102
274,Waldo,Narraway,wnarraway7l@bigcartel.com,Male,189.111.171.80
275,Arabela,Yegorkin,ayegorkin7m@oracle.com,Female,144.90.182.33
276,Yorgo,Hallyburton,yhallyburton7n@ihg.com,Male,234.87.157.237
277,Cornall,Abbotson,cabbotson7o@geocities.com,Male,128.11.255.193
278,Albertina,Spridgeon,aspridgeon7p@latimes.com,Female,40.242.137.54
279,Rowan,Arnoud,rarnoud7q@php.net,Male,98.192.172.89
280,Martainn,Brierton,mbrierton7r@blogger.com,Male,27.250.170.129
281,Hervey,Wyley,hwyley7s@yelp.com,Male,163.76.121.191
282,Reggy,Kunkel,rkunkel7t@github.io,Male,43.115.137.42
283,Melina,Woloschinski,mwoloschinski7u@icio.us,Female,49.34.181.227
284,Annamarie,Stonary,astonary7v@house.gov,Female,26.173.43.240
285,Linoel,Dillway,ldillway7w@cbc.ca,Male,123.160.239.23
286,Cherianne,Mugglestone,cmugglestone7x@shareasale.com,Female,58.210.37.205
287,Callida,Donkersley,cdonkersley7y@dmoz.org,Female,236.20.220.194
288,Natty,Gorick,ngorick7z@nationalgeographic.com,Male,172.19.217.103
289,Hervey,Avraham,havraham80@dropbox.com,Male,182.133.225.219
290,Morse,McCory,mmccory81@blog.com,Male,194.137.105.69
291,Eudora,Widdowes,ewiddowes82@devhub.com,Female,91.141.230.71
292,Jameson,Rhys,jrhys83@springer.com,Male,243.16.62.215
293,Halimeda,Demange,hdemange84@redcross.org,Polygender,172.180.231.23
294,Modestia,Tooker,mtooker85@baidu.com,Female,64.230.29.162
295,Braden,Cutmere,bcutmere86@google.com.hk,Male,144.1.114.129
296,Miran,Hallows,mhallows87@arstechnica.com,Female,128.94.138.223
297,Pedro,Senior,psenior88@wired.com,Male,81.248.110.93
298,Cherice,Tappington,ctappington89@e-recht24.de,Female,30.166.38.136
299,Mehetabel,Vasyatkin,mvasyatkin8a@thetimes.co.uk,Female,147.116.156.164
300,Broddy,Whiterod,bwhiterod8b@smugmug.com,Male,191.187.188.163
301,Bertrando,Goodinge,bgoodinge8c@xing.com,Male,109.95.134.3
302,Aubrie,Higgoe,ahiggoe8d@vk.com,Female,76.104.201.23
303,Krispin,Soldi,ksoldi8e@ow.ly,Male,79.229.103.41
304,Dione,Kellet,dkellet8f@acquirethisname.com,Female,166.10.197.168
305,Lotte,Whalley,lwhalley8g@buzzfeed.com,Female,245.70.126.52
306,Winn,Bithany,wbithany8h@smugmug.com,Male,100.25.224.54
307,Alysia,Petrelluzzi,apetrelluzzi8i@sphinn.com,Female,187.199.152.78
308,Mickie,Hitscher,mhitscher8j@google.cn,Female,201.84.206.173
309,Magdalena,Lovelady,mlovelady8k@umich.edu,Female,127.2.75.195
310,Theodoric,Dymock,tdymock8l@techcrunch.com,Male,32.248.169.162
311,Ivory,Scambler,iscambler8m@moonfruit.com,Polygender,84.17.215.88
312,Ned,Beasant,nbeasant8n@apple.com,Male,224.165.217.170
313,Simone,Ropking,sropking8o@tamu.edu,Male,66.21.58.19
314,Nertie,Brockman,nbrockman8p@bing.com,Female,226.193.62.81
315,Brett,Butson,bbutson8q@e-recht24.de,Female,134.28.255.84
316,Jay,Pally,jpally8r@disqus.com,Male,96.203.115.234
317,Veronike,Lusk,vlusk8s@diigo.com,Polygender,133.234.190.172
318,Elfie,Marushak,emarushak8t@tuttocitta.it,Female,21.220.89.6
319,Melba,Gateland,mgateland8u@example.com,Female,155.28.239.201
320,Conchita,Tappington,ctappington8v@marketwatch.com,Female,166.129.13.45
321,Antoinette,Izod,aizod8w@bbb.org,Female,7.208.47.140
322,Zacherie,Cowely,zcowely8x@spiegel.de,Genderqueer,142.228.25.112
323,Myrvyn,Ferrierio,mferrierio8y@google.es,Male,94.86.169.102
324,Breanne,Berick,bberick8z@hc360.com,Female,192.205.158.123
325,Katharyn,Grewer,kgrewer90@wiley.com,Bigender,245.50.222.161
326,Nydia,Jaine,njaine91@hhs.gov,Female,86.104.222.40
327,Ursula,O'Shiels,uoshiels92@rambler.ru,Female,230.27.44.155
328,Norby,Beachem,nbeachem93@china.com.cn,Male,132.234.186.172
329,Domenic,Nye,dnye94@cbsnews.com,Male,137.223.11.107
330,Huntington,Bentick,hbentick95@tuttocitta.it,Male,179.66.239.105
331,Myrlene,Godrich,mgodrich96@archive.org,Female,72.251.64.66
332,Shirline,Gilchrist,sgilchrist97@barnesandnoble.com,Female,183.181.249.100
333,Martainn,Poile,mpoile98@yolasite.com,Male,232.164.7.158
334,Benyamin,Isakowicz,bisakowicz99@harvard.edu,Male,27.131.128.213
335,Allin,Chalke,achalke9a@joomla.org,Male,101.130.220.40
336,Sherri,Mauro,smauro9b@flavors.me,Female,41.145.222.88
337,Charley,Mcall,cmcall9c@jiathis.com,Male,232.249.5.158
338,Rheta,Vertey,rvertey9d@tuttocitta.it,Female,212.13.226.167
339,Nikolos,Stoppard,nstoppard9e@deliciousdays.com,Male,199.3.176.239
340,Felic,Fearnside,ffearnside9f@moonfruit.com,Male,115.137.209.227
341,Twyla,Wallbridge,twallbridge9g@smh.com.au,Female,21.178.189.92
342,Rock,Mishaw,rmishaw9h@instagram.com,Male,252.219.97.56
343,Carlie,Mytton,cmytton9i@nymag.com,Female,81.196.133.88
344,Gerladina,Bustard,gbustard9j@dmoz.org,Female,207.108.245.89
345,Roseanna,Roswarn,rroswarn9k@comcast.net,Non-binary,96.253.149.57
346,Emmerich,Eddisford,eeddisford9l@wisc.edu,Male,186.168.199.111
347,Lucretia,Geldard,lgeldard9m@bizjournals.com,Female,124.5.255.228
348,Enriqueta,Briar,ebriar9n@tripod.com,Genderqueer,230.1.75.130
349,Sylvester,Fayre,sfayre9o@deviantart.com,Male,195.70.9.165
350,Barbra,McSporon,bmcsporon9p@nationalgeographic.com,Female,41.210.128.109
351,Antonius,Griffithe,agriffithe9q@admin.ch,Male,5.50.138.158
352,Tawsha,Housbie,thousbie9r@ucsd.edu,Female,45.97.206.59
353,Saunderson,O'Keevan,sokeevan9s@pbs.org,Male,208.6.26.158
354,Alaster,Cambling,acambling9t@berkeley.edu,Male,11.150.174.244
355,Sven,Aldhouse,saldhouse9u@google.com.au,Male,202.97.63.94
356,Alys,Taunton,ataunton9v@networksolutions.com,Female,114.170.246.140
357,Suki,Vibert,svibert9w@vkontakte.ru,Female,225.160.16.229
358,Myriam,Petrie,mpetrie9x@ed.gov,Female,218.101.3.97
359,Lesley,Pettingall,lpettingall9y@phoca.cz,Male,127.235.235.98
360,Timofei,Fleckney,tfleckney9z@drupal.org,Male,212.250.147.205
361,Alfonso,Burgh,aburgha0@businessinsider.com,Male,174.139.129.60
362,Flemming,Esposita,fespositaa1@abc.net.au,Male,247.136.251.28
363,Jacynth,Southey,jsoutheya2@godaddy.com,Polygender,2.99.84.16
364,Noelyn,Milthorpe,nmilthorpea3@blogger.com,Female,216.208.254.198
365,Olva,Pennycord,opennycorda4@goo.ne.jp,Female,66.146.171.227
366,Sibyl,Boseley,sboseleya5@pcworld.com,Male,124.161.232.126
367,Rozella,Gearty,rgeartya6@histats.com,Female,45.89.54.216
368,Sancho,Weddeburn - Scrimgeour,sweddeburnscrimgeoura7@hud.gov,Male,190.204.140.45
369,Son,Antonov,santonova8@bandcamp.com,Male,204.76.243.51
370,Cathrine,Sundin,csundina9@about.me,Agender,122.72.63.21
371,Kendell,Chestle,kchestleaa@edublogs.org,Male,189.49.150.164
372,Daniella,Kettley,dkettleyab@fema.gov,Female,91.249.49.95
373,Anabal,Grimwood,agrimwoodac@livejournal.com,Female,111.167.152.211
374,Kaycee,Duval,kduvalad@oakley.com,Female,16.135.101.136
375,Kaycee,Mowsdell,kmowsdellae@miibeian.gov.cn,Female,75.222.53.239
376,Ashli,Giovannini,agiovanniniaf@about.me,Female,143.134.224.216
377,Grannie,Hoys,ghoysag@google.fr,Male,34.236.236.65
378,Fee,Burgne,fburgneah@walmart.com,Male,187.48.238.64
379,Hamlin,Nurdin,hnurdinai@blogger.com,Male,135.148.178.11
380,Inger,Gaitskell,igaitskellaj@vkontakte.ru,Female,200.62.172.37
381,Rheta,Deverall,rdeverallak@meetup.com,Female,163.85.164.148
382,Teri,Bacon,tbaconal@washington.edu,Female,224.164.115.239
383,Jonas,Buddington,jbuddingtonam@ning.com,Male,59.74.194.88
384,Corissa,Trafford,ctraffordan@sakura.ne.jp,Female,105.13.151.51
385,Lia,Castagne,lcastagneao@jimdo.com,Female,61.116.171.86
386,Shelbi,O'Nowlan,sonowlanap@nationalgeographic.com,Genderqueer,75.249.180.189
387,Bernadette,Folini,bfoliniaq@yahoo.com,Agender,113.228.243.195
388,Corenda,Danieli,cdanieliar@sbwire.com,Female,172.218.10.149
389,Tara,Napthine,tnapthineas@shareasale.com,Female,213.244.119.63
390,Alexina,Paffett,apaffettat@spotify.com,Female,53.204.49.100
391,Bogey,Morrall,bmorrallau@1688.com,Genderqueer,146.182.57.103
392,Madelene,Crosetto,mcrosettoav@examiner.com,Genderfluid,34.238.252.235
393,Nicki,Corsor,ncorsoraw@google.cn,Female,23.0.245.29
394,Jamison,Ewing,jewingax@ning.com,Male,9.216.207.40
395,Archibaldo,Leask,aleaskay@addtoany.com,Male,121.251.69.217
396,Harwilll,Comello,hcomelloaz@xrea.com,Male,36.160.27.226
397,Tirrell,Hedingham,thedinghamb0@mapy.cz,Male,204.94.117.167
398,Manda,Cockshut,mcockshutb1@google.ru,Female,111.177.188.93
399,Rocky,Espinola,respinolab2@thetimes.co.uk,Male,107.46.165.160
400,Gifford,Fanti,gfantib3@wsj.com,Male,70.78.191.247
401,Debra,Gumery,dgumeryb4@hostgator.com,Female,48.124.114.219
402,Ora,Ricket,oricketb5@businessinsider.com,Female,205.215.98.131
403,Freida,Layman,flaymanb6@joomla.org,Female,168.199.71.186
404,Alvinia,Blair,ablairb7@cyberchimps.com,Female,151.117.50.46
405,Costa,Ayling,caylingb8@elpais.com,Male,98.107.152.26
406,Eda,Whiting,ewhitingb9@economist.com,Female,98.69.39.146
407,Willie,Bail,wbailba@si.edu,Female,153.172.72.48
408,Mata,Foffano,mfoffanobb@issuu.com,Male,228.171.252.156
409,Filberte,Budibent,fbudibentbc@phpbb.com,Male,209.24.215.112
410,Ginny,Tsarovic,gtsarovicbd@sitemeter.com,Female,6.158.59.137
411,Mackenzie,Dransfield,mdransfieldbe@hubpages.com,Male,3.117.178.99
412,Melany,Faulkener,mfaulkenerbf@pinterest.com,Female,200.226.9.232
413,Loise,Thalmann,lthalmannbg@delicious.com,Female,22.237.84.230
414,Jesse,Petrescu,jpetrescubh@google.nl,Male,237.100.171.111
415,Jecho,Vaun,jvaunbi@ucoz.ru,Male,64.128.190.72
416,Prentiss,Bingham,pbinghambj@symantec.com,Male,191.214.191.38
417,Myra,Davenall,mdavenallbk@msn.com,Female,222.98.240.29
418,Shay,Nunn,snunnbl@facebook.com,Male,69.92.42.37
419,Elbert,Shucksmith,eshucksmithbm@bizjournals.com,Male,206.248.225.170
420,Jase,Ewestace,jewestacebn@shareasale.com,Male,252.224.178.207
421,Ethelda,Vequaud,evequaudbo@bbb.org,Agender,225.196.71.141
422,Correy,Gauson,cgausonbp@dyndns.org,Male,165.226.146.127
423,Erek,Chauvey,echauveybq@soundcloud.com,Male,251.146.75.201
424,Robinette,De Pietri,rdepietribr@myspace.com,Female,2.13.37.234
425,Susy,Spat,sspatbs@samsung.com,Female,52.78.108.247
426,Alejoa,Championnet,achampionnetbt@storify.com,Male,171.171.202.125
427,Darin,Millions,dmillionsbu@forbes.com,Polygender,246.91.175.54
428,Stacee,Presidey,spresideybv@istockphoto.com,Female,151.189.6.41
429,Matti,Hicks,mhicksbw@google.co.jp,Female,171.1.78.207
430,Arlen,L'Episcopio,alepiscopiobx@wisc.edu,Female,20.122.239.196
431,Isaiah,Brolan,ibrolanby@cargocollective.com,Male,192.1.128.129
432,Minnie,Guerin,mguerinbz@twitpic.com,Female,30.243.23.240
433,Ophelia,Hasell,ohasellc0@economist.com,Female,81.159.221.253
434,Lynea,Vosse,lvossec1@meetup.com,Female,118.13.182.126
435,Whitaker,McIlhone,wmcilhonec2@blogspot.com,Male,241.86.113.125
436,Bree,Scardifield,bscardifieldc3@hhs.gov,Female,81.5.133.227
437,Jenifer,Cosh,jcoshc4@flickr.com,Female,224.151.23.63
438,Yolane,Lampart,ylampartc5@youku.com,Female,195.89.35.130
439,Brodie,Karys,bkarysc6@youtu.be,Male,241.179.41.215
440,Judi,Courtese,jcourtesec7@wiley.com,Female,44.66.195.197
441,Delila,Mulrooney,dmulrooneyc8@blog.com,Female,254.223.1.50
442,Riki,Jacquot,rjacquotc9@oracle.com,Female,115.24.164.99
443,Clayton,Kirkbright,ckirkbrightca@chicagotribune.com,Bigender,49.92.107.135
444,Jerrold,Crighton,jcrightoncb@marketwatch.com,Male,200.132.9.6
445,Andrea,Manton,amantoncc@answers.com,Female,177.135.177.205
446,Eve,Reek,ereekcd@upenn.edu,Female,198.205.134.182
447,Karlene,Arran,karrance@com.com,Female,242.90.65.53
448,Belita,Watkin,bwatkincf@comsenz.com,Female,24.143.241.141
449,Eduardo,Subhan,esubhancg@miitbeian.gov.cn,Male,213.74.16.169
450,Guendolen,Burborough,gburboroughch@purevolume.com,Female,155.19.11.202
451,Salomo,Cluse,scluseci@cbsnews.com,Male,59.185.91.5
452,Maybelle,Westgate,mwestgatecj@tmall.com,Female,245.179.100.56
453,Dionne,Tunny,dtunnyck@facebook.com,Female,7.248.96.79
454,Lolita,Lamming,llammingcl@abc.net.au,Female,251.118.74.3
455,Laura,Learoyd,llearoydcm@newsvine.com,Female,100.159.168.189
456,Clea,Blackham,cblackhamcn@elegantthemes.com,Female,9.30.45.177
457,Justin,Thaxter,jthaxterco@hp.com,Male,6.123.135.189
458,Bel,Connold,bconnoldcp@deviantart.com,Agender,26.120.10.107
459,Geralda,Kezor,gkezorcq@columbia.edu,Female,225.10.11.201
460,Kiley,Sherebrook,ksherebrookcr@tinypic.com,Female,209.38.69.1
461,Ashly,Lefort,alefortcs@harvard.edu,Female,243.229.186.59
462,Nisse,Swetland,nswetlandct@issuu.com,Female,70.59.220.51
463,Abbie,Netti,anetticu@home.pl,Female,99.228.151.51
464,Darda,Peak,dpeakcv@imageshack.us,Female,123.130.201.218
465,Francesco,Emons,femonscw@storify.com,Genderfluid,232.247.122.90
466,Stephi,Craisford,scraisfordcx@imageshack.us,Agender,150.204.41.162
467,Renaldo,Oury,rourycy@about.me,Male,56.106.52.64
468,Mame,Dayment,mdaymentcz@hexun.com,Female,234.149.82.201
469,Dalston,Sommerville,dsommervilled0@examiner.com,Non-binary,152.119.206.213
470,Edouard,Codron,ecodrond1@booking.com,Male,106.44.202.124
471,Kimmie,Jindra,kjindrad2@biglobe.ne.jp,Female,210.108.18.204
472,Barny,Presshaugh,bpresshaughd3@unesco.org,Male,63.234.250.49
473,Raeann,Butte,rbutted4@answers.com,Female,125.26.39.111
474,Hebert,Dorbin,hdorbind5@cnet.com,Male,59.102.95.98
475,Edin,McCosh,emccoshd6@ocn.ne.jp,Female,118.78.129.200
476,Flem,Dedon,fdedond7@deviantart.com,Male,243.38.3.204
477,Jewel,D'Souza,jdsouzad8@hubpages.com,Female,41.151.185.181
478,Charmion,Terris,cterrisd9@adobe.com,Female,32.178.153.247
479,Lisetta,Mapledorum,lmapledorumda@edublogs.org,Female,27.92.4.211
480,Teodora,Frampton,tframptondb@sciencedirect.com,Female,37.213.210.38
481,Johnnie,Paddeley,jpaddeleydc@barnesandnoble.com,Male,28.198.252.131
482,Noni,Akitt,nakittdd@sakura.ne.jp,Female,35.60.3.223
483,Robin,Strowger,rstrowgerde@hubpages.com,Male,105.174.226.130
484,Rowan,Leckie,rleckiedf@soundcloud.com,Male,245.166.63.158
485,Ivonne,Boeter,iboeterdg@ftc.gov,Genderqueer,89.154.152.136
486,Hew,Petruskevich,hpetruskevichdh@bloglovin.com,Male,210.172.153.174
487,Tobiah,Padmore,tpadmoredi@ning.com,Male,59.243.140.74
488,Lorilyn,Petty,lpettydj@privacy.gov.au,Female,169.211.114.91
489,Janina,Whitsun,jwhitsundk@woothemes.com,Non-binary,173.184.29.31
490,Allister,Kilfeather,akilfeatherdl@cmu.edu,Male,29.244.209.112
491,Nehemiah,Luciani,nlucianidm@elpais.com,Male,249.94.47.20
492,Agnese,Rewan,arewandn@photobucket.com,Female,172.51.112.147
493,Camala,Smissen,csmissendo@arstechnica.com,Female,131.190.154.84
494,Tamqrah,McCole,tmccoledp@privacy.gov.au,Female,173.101.155.28
495,Layton,Bridges,lbridgesdq@cloudflare.com,Male,7.35.142.237
496,Sherie,Espadate,sespadatedr@nbcnews.com,Female,87.228.68.143
497,Rodolfo,Rannie,rrannieds@multiply.com,Male,230.24.19.81
498,Evania,Hiorn,ehiorndt@ovh.net,Female,18.83.225.52
499,Cristionna,McKeever,cmckeeverdu@bloglovin.com,Genderqueer,194.64.23.167
500,Jarred,Earey,jeareydv@mysql.com,Male,140.251.41.176
501,Constantine,Fewlass,cfewlassdw@discuz.net,Female,107.42.72.144
502,Sibeal,O'Donoghue,sodonoghuedx@ucoz.ru,Female,186.255.8.255
503,Codi,Schulz,cschulzdy@icio.us,Male,109.98.237.250
504,Zeke,Sikorski,zsikorskidz@usnews.com,Non-binary,184.222.108.188
505,Demetria,Billinge,dbillingee0@blogger.com,Female,151.139.2.162
506,Trip,Peniman,tpenimane1@amazonaws.com,Male,162.119.11.76
507,Adelbert,Crat,acrate2@hao123.com,Male,244.105.83.184
508,Terrie,MacCallion,tmaccallione3@redcross.org,Female,209.135.110.30
509,Meg,Paslow,mpaslowe4@cornell.edu,Female,197.10.80.59
510,Jonathon,Iremonger,jiremongere5@scribd.com,Male,145.48.150.159
511,Meade,Cabbell,mcabbelle6@wsj.com,Female,61.136.185.115
512,Claresta,Harverson,charversone7@homestead.com,Female,230.184.98.95
513,Fremont,Rutherfoord,frutherfoorde8@tuttocitta.it,Male,138.241.249.160
514,Wallie,Mowett,wmowette9@epa.gov,Female,13.191.70.19
515,Reinhard,Munning,rmunningea@google.es,Male,76.10.163.233
516,Jase,Upshall,jupshalleb@vinaora.com,Male,183.183.35.34
517,Fionna,Streatfeild,fstreatfeildec@spotify.com,Female,233.1.148.35
518,Zolly,Drysdale,zdrysdaleed@cornell.edu,Male,9.253.97.58
519,Jolynn,McDill,jmcdillee@goo.gl,Female,176.121.113.114
520,Karissa,Mc Meekan,kmcmeekanef@shinystat.com,Female,140.100.229.183
521,Coreen,Maddicks,cmaddickseg@irs.gov,Bigender,23.188.19.133
522,Locke,Yurshev,lyursheveh@intel.com,Male,8.104.211.63
523,Kesley,Herrema,kherremaei@naver.com,Female,254.54.32.201
524,Guinna,Forth,gforthej@netlog.com,Female,81.149.120.240
525,Phyllida,Freiburger,pfreiburgerek@marketwatch.com,Female,15.85.144.236
526,Trey,Sallenger,tsallengerel@squidoo.com,Male,73.76.96.102
527,Ruggiero,Gieraths,rgierathsem@indiegogo.com,Male,76.255.3.191
528,Randy,Leport,rleporten@skyrock.com,Male,252.224.159.24
529,Wilone,Burnyeat,wburnyeateo@gmpg.org,Female,199.193.232.201
530,Debbie,Farrens,dfarrensep@free.fr,Female,229.128.112.154
531,Odie,Fitch,ofitcheq@google.de,Male,109.149.23.111
532,Burl,Leblanc,bleblancer@jigsy.com,Polygender,37.208.129.186
533,Oralia,Collman,ocollmanes@wisc.edu,Female,231.116.176.251
534,Daisy,Rape,drapeet@live.com,Female,60.124.177.152
535,Duffy,Woodburne,dwoodburneeu@paypal.com,Agender,41.169.251.219
536,Brittney,Simmgen,bsimmgenev@ustream.tv,Female,43.148.199.138
537,Ursola,Allin,uallinew@dailymotion.com,Female,87.206.57.203
538,Mariann,Alentyev,malentyevex@fda.gov,Female,214.66.61.93
539,Rosabella,Adshad,radshadey@hugedomains.com,Female,50.35.142.27
540,Darill,Trevan,dtrevanez@reuters.com,Bigender,226.53.115.66
541,Ned,Mitchelhill,nmitchelhillf0@clickbank.net,Male,55.231.11.142
542,Moina,Poynzer,mpoynzerf1@aol.com,Agender,127.125.180.173
543,Dorian,Keeley,dkeeleyf2@newyorker.com,Female,106.117.226.93
544,Camella,Mattack,cmattackf3@photobucket.com,Female,236.84.197.148
545,Christie,Patrickson,cpatricksonf4@yellowbook.com,Male,106.193.25.247
546,Keary,Udy,kudyf5@globo.com,Male,110.84.69.20
547,Jonis,Paddell,jpaddellf6@oaic.gov.au,Female,192.216.89.9
548,Cyrill,Nansom,cnansomf7@xing.com,Male,133.207.113.160
549,Clywd,Baudesson,cbaudessonf8@spotify.com,Male,180.170.214.93
550,Price,Pudge,ppudgef9@shutterfly.com,Male,73.118.18.35
551,Bat,Bockmann,bbockmannfa@imgur.com,Male,28.155.99.118
552,Shandee,Hooke,shookefb@google.de,Female,179.148.27.90
553,Harrietta,Poytress,hpoytressfc@google.fr,Female,133.24.154.7
554,Cal,Bedingfield,cbedingfieldfd@squarespace.com,Male,89.221.204.53
555,Annabel,Blount,ablountfe@nba.com,Female,85.171.4.182
556,Case,Cruttenden,ccruttendenff@mlb.com,Male,154.126.52.220
557,Farlie,Ferron,fferronfg@mozilla.com,Male,245.203.66.178
558,Arthur,Cranstoun,acranstounfh@ox.ac.uk,Male,88.50.68.190
559,Elbert,Beebee,ebeebeefi@over-blog.com,Genderqueer,208.233.177.194
560,Chalmers,Jervois,cjervoisfj@microsoft.com,Male,128.202.45.91
561,Rosanne,Quarless,rquarlessfk@eventbrite.com,Agender,28.112.143.184
562,Averil,Silcocks,asilcocksfl@nasa.gov,Female,83.194.75.174
563,Valaree,Waadenburg,vwaadenburgfm@engadget.com,Female,194.190.69.218
564,Leonie,Innis,linnisfn@meetup.com,Female,107.218.47.93
565,Ricard,Heineke,rheinekefo@cloudflare.com,Male,35.155.61.71
566,Jefferey,Seldon,jseldonfp@netlog.com,Non-binary,187.215.234.53
567,Guntar,Giamitti,ggiamittifq@dell.com,Male,69.223.100.228
568,Barbi,Thickpenny,bthickpennyfr@sphinn.com,Female,238.139.26.229
569,Perla,Brass,pbrassfs@unc.edu,Female,57.201.226.166
570,Lidia,Dimitriades,ldimitriadesft@wufoo.com,Female,124.69.218.114
571,Lyndsey,Wilford,lwilfordfu@blogs.com,Female,104.167.178.118
572,Beau,Matthessen,bmatthessenfv@howstuffworks.com,Male,110.176.15.97
573,Randal,Seldon,rseldonfw@mail.ru,Male,74.141.207.58
574,Catherin,Blaschek,cblaschekfx@businessinsider.com,Female,187.84.62.96
575,Earvin,Asgodby,easgodbyfy@stumbleupon.com,Male,109.148.153.245
576,Doyle,Grason,dgrasonfz@spotify.com,Male,214.176.88.219
577,Evonne,Sketch,esketchg0@tmall.com,Female,12.213.159.141
578,Tammie,Jacobi,tjacobig1@ezinearticles.com,Female,28.182.107.156
579,Vittorio,Carneck,vcarneckg2@ustream.tv,Male,24.84.124.206
580,Koralle,Jindrich,kjindrichg3@livejournal.com,Bigender,57.218.163.73
581,Bill,Mordacai,bmordacaig4@123-reg.co.uk,Female,233.69.141.136
582,Damara,Hutchinges,dhutchingesg5@dot.gov,Female,220.112.6.112
583,Jennee,Dunnet,jdunnetg6@etsy.com,Female,24.73.224.6
584,Dulcia,Pashbee,dpashbeeg7@networkadvertising.org,Polygender,215.128.156.143
585,Huntley,Rappport,hrappportg8@purevolume.com,Male,198.149.195.4
586,Isak,McKinless,imckinlessg9@posterous.com,Male,42.13.85.40
587,Babs,Musk,bmuskga@census.gov,Female,163.57.114.36
588,Guillema,Netherclift,gnethercliftgb@pcworld.com,Female,87.158.52.121
589,Ashia,Molines,amolinesgc@youtube.com,Female,229.25.103.244
590,Muhammad,Raeside,mraesidegd@mail.ru,Male,246.156.241.250
591,Walsh,Glusby,wglusbyge@pinterest.com,Male,164.253.72.23
592,Fritz,Geldart,fgeldartgf@utexas.edu,Male,188.46.166.139
593,Jeremias,Corten,jcortengg@businessinsider.com,Male,140.95.0.165
594,Nola,Skowcraft,nskowcraftgh@4shared.com,Non-binary,80.100.236.168
595,Mendy,Virgin,mvirgingi@hhs.gov,Male,14.98.232.71
596,Haily,Byrch,hbyrchgj@pbs.org,Male,84.14.205.165
597,Benjie,Lahiff,blahiffgk@furl.net,Genderqueer,232.137.186.138
598,Zachery,Grayley,zgrayleygl@goodreads.com,Male,104.94.49.81
599,Conny,Shawcross,cshawcrossgm@ibm.com,Genderfluid,102.224.2.247
600,Lisette,Everex,leverexgn@indiatimes.com,Agender,214.40.62.95
601,Barrie,Offord,boffordgo@artisteer.com,Male,70.1.184.156
602,Giacinta,Fahrenbach,gfahrenbachgp@unblog.fr,Female,108.57.90.72
603,Purcell,Featherstonhalgh,pfeatherstonhalghgq@sciencedaily.com,Agender,176.182.57.28
604,Ambrosius,Lindeberg,alindeberggr@forbes.com,Male,150.228.191.150
605,Gayelord,Schoroder,gschorodergs@wikia.com,Male,156.15.48.181
606,Morse,Corran,mcorrangt@jimdo.com,Male,233.210.103.156
607,Orren,Geratt,ogerattgu@yandex.ru,Male,94.219.155.89
608,Cathryn,Klee,ckleegv@angelfire.com,Female,181.200.179.59
609,Lief,Davidowsky,ldavidowskygw@posterous.com,Male,210.212.207.88
610,Ruben,Dawdary,rdawdarygx@altervista.org,Male,239.110.244.152
611,Ricca,Gregore,rgregoregy@ucoz.com,Female,221.230.78.125
612,Avie,Mc Gee,amcgeegz@dailymail.co.uk,Female,220.226.50.159
613,Mallorie,Estcot,mestcoth0@sogou.com,Female,172.154.231.88
614,Arluene,Lawless,alawlessh1@yolasite.com,Female,147.119.134.8
615,Gibby,Orbon,gorbonh2@cisco.com,Male,102.203.195.209
616,Anabal,Sawers,asawersh3@chicagotribune.com,Female,178.75.137.91
617,Sheffy,Tomala,stomalah4@ucoz.ru,Non-binary,139.162.17.190
618,Donielle,Giacobilio,dgiacobilioh5@wikimedia.org,Female,255.135.133.248
619,Felicle,Mauditt,fmauditth6@chronoengine.com,Female,32.14.160.71
620,Tabina,Goodinge,tgoodingeh7@a8.net,Female,197.248.254.225
621,Conny,Parsell,cparsellh8@purevolume.com,Male,135.123.142.31
622,Mattie,Dimbylow,mdimbylowh9@gizmodo.com,Female,199.164.92.3
623,Stearn,Shepley,sshepleyha@home.pl,Male,242.232.243.51
624,Suzanne,Weeks,sweekshb@jimdo.com,Female,240.86.45.174
625,Artemus,Quadling,aquadlinghc@yelp.com,Male,156.95.130.104
626,Ealasaid,Dodwell,edodwellhd@delicious.com,Female,214.134.85.46
627,Ilyssa,Ghelerdini,ighelerdinihe@usgs.gov,Female,158.183.117.221
628,Dillie,Grenshiels,dgrenshielshf@google.fr,Male,60.64.53.162
629,Abbe,Jemmett,ajemmetthg@t-online.de,Male,245.119.110.15
630,Kennan,Humpage,khumpagehh@ocn.ne.jp,Male,40.222.179.143
631,Babara,Valencia,bvalenciahi@nasa.gov,Female,14.144.128.157
632,Feodor,Jewise,fjewisehj@g.co,Male,152.168.8.186
633,Conni,Antosch,cantoschhk@diigo.com,Female,152.104.16.71
634,Zuzana,Poppleton,zpoppletonhl@google.com.hk,Non-binary,69.83.12.2
635,Izak,Dachs,idachshm@wsj.com,Male,246.83.82.250
636,Warren,Droghan,wdroghanhn@ameblo.jp,Male,9.130.195.36
637,Arleen,Gorst,agorstho@chron.com,Female,105.49.114.51
638,Yankee,Kervin,ykervinhp@miibeian.gov.cn,Male,250.8.214.169
639,Nonnah,Lyes,nlyeshq@surveymonkey.com,Female,228.154.32.242
640,Pennie,Millson,pmillsonhr@nba.com,Female,162.202.78.19
641,Maire,Frowde,mfrowdehs@sphinn.com,Female,128.49.102.246
642,Thomasine,Castagneri,tcastagneriht@rakuten.co.jp,Female,83.9.4.250
643,Bibby,Pellitt,bpellitthu@aol.com,Female,72.118.204.88
644,Blakeley,Jeratt,bjeratthv@webeden.co.uk,Female,51.167.174.208
645,Ted,Kornalik,tkornalikhw@smugmug.com,Female,46.18.132.174
646,Rufus,Parres,rparreshx@guardian.co.uk,Male,12.189.220.142
647,Jeremie,Wellard,jwellardhy@abc.net.au,Male,142.77.248.253
648,Gal,Lagne,glagnehz@who.int,Male,112.253.209.190
649,Harlene,Raund,hraundi0@posterous.com,Female,209.41.120.68
650,Hamid,Dew,hdewi1@usda.gov,Non-binary,117.39.64.243
651,Dee,Fairlam,dfairlami2@usgs.gov,Female,129.177.231.196
652,Milena,Taber,mtaberi3@edublogs.org,Female,91.30.146.85
653,Aeriel,Erricker,aerrickeri4@jalbum.net,Female,189.165.132.97
654,Celeste,Ebbett,cebbetti5@cdc.gov,Female,227.64.88.139
655,Gerry,Wear,gweari6@who.int,Male,202.56.217.52
656,Sunny,Lambregts,slambregtsi7@opensource.org,Polygender,3.63.79.154
657,Cyrille,Le Fleming,cleflemingi8@adobe.com,Male,127.9.15.47
658,Alyce,Webster,awebsteri9@shareasale.com,Female,100.75.69.28
659,Coraline,Dampney,cdampneyia@cargocollective.com,Female,149.149.100.244
660,Shannah,Atley,satleyib@smugmug.com,Female,102.208.22.1
661,Ernestine,Isham,eishamic@xing.com,Female,164.251.27.170
662,Tonie,Dykes,tdykesid@nps.gov,Female,150.197.234.13
663,Trstram,Sainter,tsainterie@vk.com,Male,229.30.72.31
664,Buiron,Stormouth,bstormouthif@tamu.edu,Polygender,129.53.216.192
665,Cacilie,Kits,ckitsig@amazon.co.uk,Female,160.184.106.87
666,Rubina,Avrahamy,ravrahamyih@youku.com,Female,104.172.246.143
667,Catherine,Sabate,csabateii@phpbb.com,Female,16.36.70.83
668,Shepard,Waple,swapleij@samsung.com,Male,36.186.222.197
669,Fairleigh,Jessel,fjesselik@ycombinator.com,Male,158.42.189.11
670,Brooks,Jura,bjurail@friendfeed.com,Male,255.154.229.48
671,Emmey,Orth,eorthim@va.gov,Female,95.83.80.40
672,Leone,Agnew,lagnewin@prweb.com,Female,97.76.225.197
673,Erna,Lindegard,elindegardio@ebay.com,Female,45.160.174.179
674,Verge,Crammy,vcrammyip@arstechnica.com,Male,245.66.239.62
675,Mohandis,Serot,mserotiq@webeden.co.uk,Male,32.108.51.79
676,Maryjane,Purchon,mpurchonir@goo.gl,Agender,22.12.71.21
677,Tabbatha,Thoumas,tthoumasis@people.com.cn,Female,164.129.59.17
678,Thorndike,Wych,twychit@huffingtonpost.com,Male,41.28.144.129
679,Merl,Duffan,mduffaniu@fastcompany.com,Female,20.212.145.195
680,Morry,Gimbrett,mgimbrettiv@istockphoto.com,Male,245.230.214.24
681,Vanny,Yokel,vyokeliw@google.ru,Female,213.56.170.70
682,Alair,Stanistreet,astanistreetix@jugem.jp,Male,249.87.200.135
683,Kare,Mohun,kmohuniy@tuttocitta.it,Female,5.231.225.57
684,Shantee,Tydeman,stydemaniz@tmall.com,Female,80.102.240.51
685,Lem,Coppledike,lcoppledikej0@bizjournals.com,Male,32.249.110.15
686,Davin,Haly,dhalyj1@mashable.com,Male,227.38.252.101
687,Val,Paraman,vparamanj2@cocolog-nifty.com,Female,64.46.18.118
688,Sullivan,Borer,sborerj3@posterous.com,Male,220.189.96.108
689,Jobey,Bunker,jbunkerj4@state.tx.us,Female,94.134.220.155
690,Elisabeth,Eagers,eeagersj5@github.io,Female,61.72.189.245
691,Pavlov,Reide,preidej6@sbwire.com,Male,82.106.8.182
692,Kaia,Mathwin,kmathwinj7@mlb.com,Agender,38.20.247.235
693,Welby,Mose,wmosej8@soundcloud.com,Male,148.184.217.157
694,Xever,Le Fevre,xlefevrej9@cargocollective.com,Male,50.31.27.169
695,Xaviera,Overthrow,xoverthrowja@ask.com,Female,170.227.46.96
696,Cirilo,Kief,ckiefjb@1688.com,Male,225.239.27.227
697,Madeleine,Housam,mhousamjc@macromedia.com,Female,237.124.221.192
698,Peter,Joselson,pjoselsonjd@4shared.com,Male,129.52.99.165
699,Kerstin,Atkirk,katkirkje@gnu.org,Female,176.7.222.92
700,Krispin,Tuley,ktuleyjf@infoseek.co.jp,Male,187.163.172.30
701,Wendy,Bearn,wbearnjg@msn.com,Female,144.82.254.121
702,Brigitta,McGing,bmcgingjh@blogtalkradio.com,Female,84.71.2.228
703,Von,Backler,vbacklerji@msn.com,Male,3.111.87.89
704,Bernetta,Lotze,blotzejj@usnews.com,Female,59.188.29.90
705,Linda,Held,lheldjk@bing.com,Female,150.252.215.123
706,Agnella,Parkyns,aparkynsjl@purevolume.com,Female,251.93.172.38
707,Catie,Spurritt,cspurrittjm@marketwatch.com,Female,105.231.110.249
708,Hewitt,Durgan,hdurganjn@shutterfly.com,Male,248.206.209.166
709,Kakalina,Wellard,kwellardjo@sun.com,Female,13.197.102.153
710,Cornelia,Shilliday,cshillidayjp@opera.com,Female,127.138.114.81
711,Seamus,Ferraro,sferrarojq@walmart.com,Male,227.28.209.59
712,Waite,O'Donoghue,wodonoghuejr@ft.com,Male,204.199.88.29
713,Lesya,Caverhill,lcaverhilljs@amazonaws.com,Female,94.229.208.236
714,Talbert,Bellocht,tbellochtjt@ed.gov,Non-binary,55.140.109.15
715,Benny,Brereton,bbreretonju@tiny.cc,Male,199.91.124.247
716,Artus,Bruni,abrunijv@cam.ac.uk,Male,19.119.167.54
717,Anatola,Dodamead,adodameadjw@craigslist.org,Female,172.251.44.208
718,Allina,Pidgley,apidgleyjx@npr.org,Female,138.2.227.218
719,Julie,Peaden,jpeadenjy@gov.uk,Female,130.250.73.156
720,Sapphira,Bediss,sbedissjz@hexun.com,Female,133.103.7.123
721,Quint,Klaas,qklaask0@wix.com,Male,211.106.53.153
722,Philomena,Tippett,ptippettk1@infoseek.co.jp,Female,255.126.33.162
723,Lon,Kaasmann,lkaasmannk2@gov.uk,Male,200.27.172.12
724,Dion,Minihane,dminihanek3@imdb.com,Male,56.100.84.254
725,Melly,Foresight,mforesightk4@delicious.com,Female,227.108.107.200
726,Wade,Blanch,wblanchk5@salon.com,Male,182.98.119.168
727,Gerty,Clinnick,gclinnickk6@google.co.uk,Female,183.153.158.89
728,Barbabra,Clawe,bclawek7@cbslocal.com,Female,190.235.202.92
729,Bronny,Rippin,brippink8@wisc.edu,Male,86.76.243.101
730,Dewain,Kentish,dkentishk9@aol.com,Male,58.34.251.76
731,Filippo,Bellord,fbellordka@cargocollective.com,Agender,109.31.114.46
732,Freddy,Masarrat,fmasarratkb@github.io,Female,27.226.76.153
733,Dallas,Lillecrop,dlillecropkc@sbwire.com,Female,14.148.102.137
734,Ripley,Worge,rworgekd@bravesites.com,Male,130.229.195.215
735,Raymond,Prettyjohn,rprettyjohnke@delicious.com,Male,50.87.218.202
736,Pearl,Reiach,preiachkf@yandex.ru,Genderqueer,224.144.172.193
737,Monro,Clashe,mclashekg@mediafire.com,Male,209.43.84.195
738,Marje,Keitch,mkeitchkh@ycombinator.com,Female,180.64.1.41
739,Salomo,Stanlike,sstanlikeki@cornell.edu,Male,39.30.96.56
740,Justina,Krol,jkrolkj@sina.com.cn,Female,65.159.210.93
741,Bathsheba,Veillard,bveillardkk@aboutads.info,Female,5.162.184.158
742,Aeriel,Lowings,alowingskl@behance.net,Female,74.145.249.158
743,Ingamar,Mayoral,imayoralkm@cafepress.com,Male,177.144.218.57
744,Antonietta,Pamplin,apamplinkn@jiathis.com,Female,252.57.223.99
745,Winona,Treker,wtrekerko@unc.edu,Female,16.94.219.66
746,Ty,Macconaghy,tmacconaghykp@acquirethisname.com,Male,254.105.31.139
747,Uri,Trevers,utreverskq@pinterest.com,Male,40.167.162.196
748,Sullivan,Richfield,srichfieldkr@vistaprint.com,Male,220.189.138.144
749,Lula,Antuoni,lantuoniks@epa.gov,Female,187.121.190.202
750,Stephan,Montford,smontfordkt@1und1.de,Male,60.189.14.230
751,Goraud,Lovegrove,glovegroveku@bandcamp.com,Male,6.72.168.196
752,Ashbey,Arthurs,aarthurskv@craigslist.org,Male,152.213.200.167
753,Irma,Kollas,ikollaskw@aol.com,Female,155.91.255.113
754,Heidie,O'Drought,hodroughtkx@issuu.com,Female,97.255.110.28
755,Celinda,Turone,cturoneky@howstuffworks.com,Genderqueer,216.218.137.30
756,Agosto,Peddar,apeddarkz@linkedin.com,Male,251.85.18.62
757,Ofilia,Wiburn,owiburnl0@businessweek.com,Female,97.135.123.209
758,Terence,Clacey,tclaceyl1@dailymail.co.uk,Male,93.168.115.151
759,Yehudit,Timmes,ytimmesl2@ocn.ne.jp,Male,224.54.88.123
760,Bellanca,Sherringham,bsherringhaml3@goo.ne.jp,Female,252.43.65.40
761,Aveline,Laroze,alarozel4@blogs.com,Agender,172.195.248.61
762,Waylen,Londer,wlonderl5@quantcast.com,Male,153.235.158.145
763,Tobin,Mechan,tmechanl6@vimeo.com,Male,181.41.23.58
764,Yvette,McGloin,ymcgloinl7@over-blog.com,Female,30.102.180.25
765,Tanya,Clynter,tclynterl8@timesonline.co.uk,Female,35.181.206.25
766,Padgett,Edon,pedonl9@jimdo.com,Male,102.19.165.30
767,Zandra,Pilger,zpilgerla@desdev.cn,Female,43.106.70.163
768,Sheilakathryn,Gives,sgiveslb@miitbeian.gov.cn,Female,168.112.214.240
769,Vonnie,Bilton,vbiltonlc@google.nl,Female,225.120.149.119
770,Lorens,Ham,lhamld@jugem.jp,Genderfluid,74.19.103.53
771,Georgi,Tanfield,gtanfieldle@wufoo.com,Male,0.131.79.17
772,Derwin,Di Franceshci,ddifranceshcilf@51.la,Male,198.42.157.118
773,Avrom,Pollastrino,apollastrinolg@hubpages.com,Male,31.40.97.76
774,Forester,Mulliss,fmullisslh@amazon.co.jp,Male,17.37.62.126
775,Ricoriki,Crossdale,rcrossdaleli@jugem.jp,Polygender,214.246.205.22
776,Way,Beggio,wbeggiolj@amazon.co.uk,Male,155.51.162.72
777,Bonnibelle,Tunny,btunnylk@wikimedia.org,Female,251.221.226.240
778,Aguistin,Gatherell,agatherellll@opera.com,Male,175.167.179.119
779,Lane,Carnegie,lcarnegielm@taobao.com,Male,45.107.226.171
780,Stefan,Vain,svainln@1688.com,Male,53.171.140.131
781,Alard,Keyes,akeyeslo@google.ru,Male,253.144.166.91
782,Dennison,Wemes,dwemeslp@wikipedia.org,Male,106.234.239.209
783,Stephana,M'Chirrie,smchirrielq@wikia.com,Female,188.88.181.79
784,Helenelizabeth,Totterdill,htotterdilllr@storify.com,Genderfluid,19.90.39.19
785,Emmy,Frill,efrillls@reddit.com,Male,119.114.35.81
786,Danice,Ponder,dponderlt@sbwire.com,Bigender,30.239.217.219
787,Kelly,Cregg,kcregglu@miibeian.gov.cn,Male,8.67.33.96
788,Leanor,Chapell,lchapelllv@barnesandnoble.com,Female,245.125.28.70
789,Bary,Granleese,bgranleeselw@spiegel.de,Male,94.19.143.178
790,Pooh,Wrotham,pwrothamlx@boston.com,Male,35.212.23.56
791,Trevor,Rudolf,trudolfly@yahoo.co.jp,Male,124.227.50.147
792,Wrennie,Mayes,wmayeslz@purevolume.com,Female,91.124.81.86
793,Dorette,Hatt,dhattm0@noaa.gov,Female,207.37.193.185
794,Matias,Bustin,mbustinm1@bandcamp.com,Male,218.152.39.77
795,Abbe,Wooller,awoollerm2@geocities.jp,Male,48.23.21.239
796,Dennet,Warlaw,dwarlawm3@hhs.gov,Male,151.194.101.128
797,Susanetta,Hovert,shovertm4@aboutads.info,Female,202.241.94.42
798,Killy,Gobat,kgobatm5@e-recht24.de,Male,159.137.144.30
799,Margie,Styant,mstyantm6@whitehouse.gov,Female,193.151.155.49
800,Ursa,Furmenger,ufurmengerm7@feedburner.com,Female,152.203.28.72
801,Lucias,Ellesmere,lellesmerem8@webnode.com,Male,41.184.47.4
802,Dennet,Broadley,dbroadleym9@walmart.com,Male,114.171.114.130
803,Clementius,Behninck,cbehninckma@wordpress.org,Male,218.128.112.243
804,Jordain,Ciciotti,jciciottimb@bigcartel.com,Female,168.230.71.71
805,Calhoun,Pieroni,cpieronimc@canalblog.com,Male,45.25.34.33
806,Arlene,Chantillon,achantillonmd@amazon.co.uk,Genderqueer,24.95.213.5
807,Aileen,McCue,amccueme@thetimes.co.uk,Female,104.227.44.210
808,Elsy,Ipplett,eipplettmf@princeton.edu,Female,230.230.140.54
809,Nichole,Nulty,nnultymg@utexas.edu,Female,44.208.123.3
810,Cleve,Roches,crochesmh@de.vu,Male,75.141.185.136
811,Idalina,Sodory,isodorymi@about.me,Female,222.153.133.8
812,Cleveland,Bythway,cbythwaymj@slideshare.net,Male,113.18.151.135
813,Quillan,Toller,qtollermk@yandex.ru,Male,62.73.63.142
814,Claiborn,Timlett,ctimlettml@desdev.cn,Male,245.229.44.37
815,Latrina,Flowith,lflowithmm@upenn.edu,Female,12.153.41.42
816,Sharona,Weatherhead,sweatherheadmn@cisco.com,Female,213.97.203.237
817,Kimble,Coombs,kcoombsmo@list-manage.com,Male,211.217.174.204
818,Chandler,Applegate,capplegatemp@creativecommons.org,Male,143.100.5.3
819,Stephie,Hubberstey,shubbersteymq@vimeo.com,Female,57.23.90.203
820,Wynny,Menere,wmeneremr@wufoo.com,Non-binary,190.225.170.228
821,Beniamino,Tommasuzzi,btommasuzzims@abc.net.au,Male,189.71.171.42
822,Gilles,Buzine,gbuzinemt@dyndns.org,Male,183.145.150.141
823,Tori,Hargey,thargeymu@about.me,Female,2.117.133.69
824,Neils,Lister,nlistermv@histats.com,Male,171.218.128.97
825,Onofredo,Verrell,overrellmw@jugem.jp,Male,146.113.229.240
826,Odessa,Wilde,owildemx@photobucket.com,Female,153.65.82.190
827,Rivkah,Golden of Ireland,rgoldenofirelandmy@acquirethisname.com,Agender,64.24.122.85
828,Janot,Beldam,jbeldammz@who.int,Female,98.212.47.43
829,Fraze,Roistone,froistonen0@ibm.com,Male,8.252.66.227
830,Dickie,Roggeman,droggemann1@wikispaces.com,Male,99.132.73.48
831,Justine,Calam,jcalamn2@timesonline.co.uk,Female,137.97.4.29
832,Ellene,Smails,esmailsn3@desdev.cn,Female,64.145.212.98
833,Rip,Skyrm,rskyrmn4@csmonitor.com,Agender,86.45.128.23
834,Laural,Lawlings,llawlingsn5@flickr.com,Female,215.162.78.92
835,Marci,Britee,mbriteen6@joomla.org,Female,59.167.71.87
836,Malanie,Landsman,mlandsmann7@cmu.edu,Female,4.47.176.116
837,Courtenay,Revelle,crevellen8@alexa.com,Polygender,208.92.0.223
838,Neville,Pigdon,npigdonn9@loc.gov,Male,251.151.90.89
839,Angil,Blagburn,ablagburnna@usgs.gov,Female,77.175.110.29
840,Adaline,Woolard,awoolardnb@state.tx.us,Female,46.128.129.138
841,Jesse,Biaggi,jbiagginc@ca.gov,Male,5.57.208.245
842,Sidnee,Clapison,sclapisonnd@rediff.com,Male,232.220.32.134
843,Dawn,Chelam,dchelamne@nydailynews.com,Female,117.92.58.24
844,Garry,Gaspard,ggaspardnf@bloglines.com,Male,0.140.220.248
845,Anette,Yegorev,ayegorevng@imdb.com,Female,189.1.120.199
846,Dalenna,Olsson,dolssonnh@t-online.de,Female,25.230.88.246
847,Edlin,Grigolashvill,egrigolashvillni@istockphoto.com,Male,114.36.209.205
848,Dieter,Seiler,dseilernj@who.int,Non-binary,224.192.235.210
849,Rebe,Caitlin,rcaitlinnk@google.co.uk,Female,32.89.212.162
850,Gaspar,Arnholdt,garnholdtnl@naver.com,Male,38.238.168.240
851,Joy,Fforde,jffordenm@youtube.com,Bigender,174.145.145.235
852,Anne,Mora,amorann@reference.com,Female,12.62.169.36
853,Hanson,Palfreeman,hpalfreemanno@state.tx.us,Male,145.150.210.127
854,Jacintha,Bollins,jbollinsnp@tinypic.com,Female,105.20.207.47
855,Percival,Forder,pfordernq@creativecommons.org,Male,110.119.9.189
856,Nollie,Joao,njoaonr@yahoo.co.jp,Male,16.253.84.27
857,Remus,Wittleton,rwittletonns@amazon.co.uk,Male,145.84.224.141
858,Justen,Foat,jfoatnt@usda.gov,Male,142.155.12.242
859,Ikey,Pawlick,ipawlicknu@printfriendly.com,Genderfluid,129.44.14.61
860,Thayne,De Domenici,tdedomenicinv@theglobeandmail.com,Male,139.194.188.208
861,Craggie,Sallinger,csallingernw@geocities.jp,Male,223.57.21.46
862,Clint,Bofield,cbofieldnx@go.com,Male,34.51.234.227
863,Dot,Evans,devansny@cnn.com,Female,180.94.88.242
864,Herculie,Cushworth,hcushworthnz@plala.or.jp,Male,38.46.190.237
865,Roi,Whittuck,rwhittucko0@mapquest.com,Male,52.47.159.81
866,Milicent,Babbs,mbabbso1@twitpic.com,Female,63.36.242.34
867,Melodie,Henze,mhenzeo2@cdc.gov,Female,80.38.69.198
868,Giulio,Grigaut,ggrigauto3@github.com,Male,124.170.41.41
869,Saundra,Heistermann,sheistermanno4@bloglovin.com,Male,230.163.53.191
870,Hunt,Queyeiro,hqueyeiroo5@yale.edu,Male,27.25.92.207
871,Davida,Sillwood,dsillwoodo6@foxnews.com,Female,149.176.85.53
872,Corrinne,Deakins,cdeakinso7@tuttocitta.it,Female,165.83.186.221
873,Beale,Dalgety,bdalgetyo8@hibu.com,Male,75.235.112.66
874,Zarla,Biaggioli,zbiaggiolio9@vimeo.com,Female,134.195.2.89
875,Dulci,Le Barr,dlebarroa@example.com,Female,100.223.32.218
876,Walsh,Awcock,wawcockob@ning.com,Male,228.37.17.218
877,Ettore,Males,emalesoc@fda.gov,Male,123.16.230.249
878,Niki,De Witt,ndewittod@blogtalkradio.com,Male,133.117.142.225
879,Sonnie,Eyam,seyamoe@ihg.com,Male,201.103.54.61
880,Anna-diane,Ganderton,agandertonof@123-reg.co.uk,Female,213.244.197.179
881,Cleavland,Salmen,csalmenog@domainmarket.com,Male,28.166.157.22
882,Brockie,Deakins,bdeakinsoh@hp.com,Male,223.174.110.116
883,Gregoor,Leroux,glerouxoi@theatlantic.com,Male,155.233.195.1
884,Lottie,Maddrah,lmaddrahoj@japanpost.jp,Female,249.1.78.182
885,Dominique,Rathe,dratheok@nifty.com,Male,239.140.8.229
886,Berna,Crotty,bcrottyol@seesaa.net,Female,16.157.153.84
887,Neville,Hasloch,nhaslochom@buzzfeed.com,Male,58.189.220.27
888,Joel,Fake,jfakeon@tiny.cc,Male,136.79.144.200
889,Dorri,Peattie,dpeattieoo@rambler.ru,Female,156.5.191.200
890,Aymer,McGarva,amcgarvaop@free.fr,Male,204.194.8.234
891,Hurley,Shoebottom,hshoebottomoq@theglobeandmail.com,Bigender,39.188.177.238
892,Dulcinea,Yurtsev,dyurtsevor@smh.com.au,Female,183.46.69.62
893,Persis,Burlingham,pburlinghamos@technorati.com,Female,184.197.82.20
894,Silvester,Birds,sbirdsot@oaic.gov.au,Male,93.35.70.19
895,Mendel,Biddulph,mbiddulphou@epa.gov,Male,73.136.137.9
896,Jessie,Riccardi,jriccardiov@bigcartel.com,Male,244.48.21.220
897,Mendy,Coppeard,mcoppeardow@unicef.org,Male,198.134.215.59
898,Murvyn,Thripp,mthrippox@omniture.com,Male,107.145.203.68
899,Chandler,Koppelmann,ckoppelmannoy@mayoclinic.com,Male,121.197.33.91
900,Standford,Wadmore,swadmoreoz@1und1.de,Male,66.159.35.172
901,Ralph,Pirdue,rpirduep0@twitter.com,Male,184.141.87.28
902,Hasheem,Deeks,hdeeksp1@go.com,Male,85.95.101.28
903,Monti,Giraudy,mgiraudyp2@rambler.ru,Male,67.97.40.179
904,Tobit,Maunder,tmaunderp3@illinois.edu,Non-binary,122.5.146.96
905,Sherlock,Hantusch,shantuschp4@ezinearticles.com,Male,154.118.183.13
906,Mariellen,Stute,mstutep5@icio.us,Genderqueer,84.197.66.221
907,Maressa,Boyford,mboyfordp6@xinhuanet.com,Female,21.200.90.146
908,Karlan,Kisbee,kkisbeep7@usnews.com,Non-binary,65.54.53.231
909,Blakelee,Bugg,bbuggp8@blogspot.com,Female,85.116.179.56
910,Justin,Tissiman,jtissimanp9@studiopress.com,Male,229.97.133.147
911,Husein,Copp,hcopppa@mayoclinic.com,Male,243.121.94.156
912,Malissa,Poad,mpoadpb@springer.com,Female,243.93.157.186
913,Dyna,Carnew,dcarnewpc@etsy.com,Genderfluid,77.127.158.30
914,Clareta,Creane,ccreanepd@paypal.com,Non-binary,246.243.48.166
915,Kristien,Axe,kaxepe@unblog.fr,Female,188.9.94.139
916,Berky,Clamo,bclamopf@alexa.com,Male,75.125.24.166
917,Upton,Giacomini,ugiacominipg@quantcast.com,Male,51.212.159.35
918,Alaster,Millington,amillingtonph@skype.com,Male,20.94.232.136
919,Cullan,Hammand,chammandpi@istockphoto.com,Male,174.209.50.155
920,Emelen,Armitt,earmittpj@yellowpages.com,Male,213.60.227.68
921,Rodie,Bernhardi,rbernhardipk@miitbeian.gov.cn,Female,32.217.139.169
922,Shaw,Heintz,sheintzpl@biblegateway.com,Male,34.0.157.53
923,Keir,Skeeles,kskeelespm@seattletimes.com,Male,106.19.70.117
924,Newton,Aubury,nauburypn@delicious.com,Male,47.60.91.83
925,Merill,Fairest,mfairestpo@studiopress.com,Male,44.57.52.241
926,Bradford,Boulsher,bboulsherpp@squarespace.com,Male,9.15.167.136
927,Barthel,Hawksworth,bhawksworthpq@soup.io,Male,36.128.72.79
928,Madalyn,Pittford,mpittfordpr@mapquest.com,Female,44.24.151.159
929,Davidde,Burlingame,dburlingameps@bizjournals.com,Male,87.157.54.27
930,Frayda,Gianiello,fgianiellopt@list-manage.com,Female,6.30.103.81
931,Helli,Lucchi,hlucchipu@ox.ac.uk,Female,214.51.144.116
932,Vinnie,Figgen,vfiggenpv@delicious.com,Female,33.206.31.97
933,Iver,Sima,isimapw@cnet.com,Male,38.99.15.13
934,Charmane,Kenewel,ckenewelpx@cornell.edu,Female,74.106.65.251
935,Beatrice,Schuh,bschuhpy@altervista.org,Female,211.55.213.85
936,Arie,Fyndon,afyndonpz@4shared.com,Male,215.197.209.242
937,Travus,Baughen,tbaughenq0@unicef.org,Male,106.10.140.203
938,Adrianne,Barnewelle,abarnewelleq1@techcrunch.com,Female,94.171.115.28
939,Wiley,Maltman,wmaltmanq2@skype.com,Bigender,243.189.187.155
940,Bradford,Belsham,bbelshamq3@google.com.br,Male,213.200.171.210
941,Drona,Abelovitz,dabelovitzq4@narod.ru,Female,100.140.203.29
942,Ignaz,Straun,istraunq5@free.fr,Male,119.207.247.84
943,Helene,Conn,hconnq6@wikipedia.org,Female,153.134.230.156
944,Creight,Archbould,carchbouldq7@plala.or.jp,Male,249.137.33.150
945,Joey,Saphir,jsaphirq8@tinypic.com,Male,120.18.247.54
946,Rania,Mertgen,rmertgenq9@google.it,Female,157.88.186.119
947,Viole,Klampt,vklamptqa@wikimedia.org,Female,245.41.171.210
948,Niels,M'Chirrie,nmchirrieqb@cbsnews.com,Male,111.221.168.248
949,Lacie,Pittford,lpittfordqc@aboutads.info,Female,200.150.23.217
950,Judon,Westwick,jwestwickqd@google.com.hk,Male,243.138.5.234
951,Stevena,Moorman,smoormanqe@businessinsider.com,Agender,24.9.101.28
952,Aldin,Farnie,afarnieqf@example.com,Male,65.49.191.169
953,Bonny,Gribble,bgribbleqg@yahoo.co.jp,Female,116.88.224.66
954,Briana,Rosi,brosiqh@exblog.jp,Female,43.188.198.55
955,Annabelle,Broseman,abrosemanqi@spiegel.de,Female,52.18.26.32
956,Nero,Dempsey,ndempseyqj@is.gd,Male,102.22.75.248
957,Barrie,Marielle,bmarielleqk@mayoclinic.com,Male,40.136.173.20
958,Charlene,Minkin,cminkinql@nasa.gov,Female,99.229.85.5
959,Kandace,Hurdman,khurdmanqm@printfriendly.com,Female,144.47.28.149
960,Harlie,Crowch,hcrowchqn@patch.com,Female,72.25.87.253
961,Julita,Stuke,jstukeqo@pen.io,Agender,105.227.192.245
962,Pattie,Bobasch,pbobaschqp@oakley.com,Agender,166.206.199.106
963,Junina,Bingham,jbinghamqq@tripod.com,Female,211.173.73.2
964,Vinnie,Oglesbee,voglesbeeqr@artisteer.com,Male,114.223.157.72
965,Allys,Scarfe,ascarfeqs@altervista.org,Female,243.102.92.210
966,Thaddeus,Giovanazzi,tgiovanazziqt@xing.com,Male,254.248.45.239
967,Burke,Belson,bbelsonqu@alexa.com,Male,102.227.173.144
968,Terri,Stanlock,tstanlockqv@unc.edu,Male,156.4.120.183
969,Damiano,Caudle,dcaudleqw@dailymail.co.uk,Male,92.222.235.245
970,Melodee,Von Welldun,mvonwelldunqx@exblog.jp,Female,149.218.219.6
971,Jannelle,Suttling,jsuttlingqy@g.co,Female,1.238.108.234
972,Wenona,Jeavon,wjeavonqz@lycos.com,Female,118.152.183.197
973,Brina,Pittford,bpittfordr0@cmu.edu,Female,213.166.124.146
974,Noel,Schnieder,nschniederr1@state.tx.us,Male,22.144.17.226
975,Candace,Cranmore,ccranmorer2@dell.com,Female,171.116.114.21
976,Carmencita,Jay,cjayr3@businessinsider.com,Female,4.18.84.18
977,Stephanus,Jobke,sjobker4@behance.net,Genderfluid,238.45.30.159
978,Moises,McElhinney,mmcelhinneyr5@jalbum.net,Male,118.42.215.245
979,Filbert,Cozzi,fcozzir6@multiply.com,Male,239.35.41.143
980,Alastair,Wollard,awollardr7@ft.com,Male,40.85.65.117
981,Conant,Cutford,ccutfordr8@newyorker.com,Male,132.33.112.4
982,Cele,Drewitt,cdrewittr9@google.ru,Female,12.105.232.169
983,Cornelius,Phin,cphinra@pbs.org,Male,224.42.95.238
984,Yorgo,Habert,yhabertrb@dion.ne.jp,Genderfluid,83.75.106.115
985,Moreen,Ivanishin,mivanishinrc@meetup.com,Genderqueer,158.140.39.99
986,Mendie,Tysall,mtysallrd@unblog.fr,Genderqueer,126.48.150.173
987,Clarice,Frisel,cfriselre@people.com.cn,Female,88.53.192.184
988,Aldin,Smitheman,asmithemanrf@icq.com,Male,36.12.65.50
989,Albertina,Andri,aandrirg@businessweek.com,Female,194.193.34.39
990,Sande,Cardello,scardellorh@mail.ru,Female,76.131.236.229
991,Danni,Pickrell,dpickrellri@constantcontact.com,Female,178.129.231.149
992,Carling,Renfield,crenfieldrj@answers.com,Male,0.141.2.85
993,Dulcie,Pellant,dpellantrk@furl.net,Female,213.68.22.5
994,Burty,Gilhespy,bgilhespyrl@salon.com,Male,215.230.208.102
995,Gerard,Harbage,gharbagerm@mit.edu,Male,234.156.25.25
996,Cortney,Hoodspeth,choodspethrn@noaa.gov,Female,136.7.98.136
997,Doe,Strooband,dstroobandro@irs.gov,Female,197.164.81.154
998,Stanleigh,Lunck,slunckrp@hibu.com,Male,245.63.251.186
999,Alyssa,Speek,aspeekrq@answers.com,Female,183.203.25.24
1000,Sisile,Jager,sjagerrr@multiply.com,Female,43.146.186.245
